importance,feature
0.004480022592734812,HOME_TEAM_SHOTS_TOTAL_season_sum
0.007538639213636629,HOME_TEAM_SHOTS_INSIDEBOX_season_sum
0.0034396511166944798,HOME_TEAM_SHOTS_OFF_TARGET_season_sum
0.007398966314318117,HOME_TEAM_SHOTS_ON_TARGET_season_sum
0.0029167824846743763,HOME_TEAM_SHOTS_OUTSIDEBOX_season_sum
0.004471051298714795,HOME_TEAM_PASSES_season_sum
0.004769192416961463,HOME_TEAM_SUCCESSFUL_PASSES_season_sum
0.004043991332953462,HOME_TEAM_SAVES_season_sum
0.004269037379080978,HOME_TEAM_CORNERS_season_sum
0.0032071376811725265,HOME_TEAM_FOULS_season_sum
0.002990518204974226,HOME_TEAM_YELLOWCARDS_season_sum
0.0028180856896594985,HOME_TEAM_REDCARDS_season_sum
0.0034923651600286317,HOME_TEAM_OFFSIDES_season_sum
0.0034453209424024182,HOME_TEAM_ATTACKS_season_sum
0.002881423994536434,HOME_TEAM_PENALTIES_season_sum
0.002792711655212931,HOME_TEAM_SUBSTITUTIONS_season_sum
0.0031356228600066876,HOME_TEAM_BALL_SAFE_season_sum
0.005390562472461025,HOME_TEAM_DANGEROUS_ATTACKS_season_sum
0.0028599740427044168,HOME_TEAM_INJURIES_season_sum
0.006450477533644984,HOME_TEAM_GOALS_season_sum
0.008181648919270193,HOME_TEAM_GAME_WON_season_sum
0.0028610073231404355,HOME_TEAM_GAME_DRAW_season_sum
0.007793492671344973,HOME_TEAM_GAME_LOST_season_sum
0.00782860200819381,HOME_TEAM_SHOTS_TOTAL_season_average
0.008152851087117394,HOME_TEAM_SHOTS_INSIDEBOX_season_average
0.0038468693164762807,HOME_TEAM_SHOTS_OFF_TARGET_season_average
0.005360665717135529,HOME_TEAM_SHOTS_ON_TARGET_season_average
0.0028805758970492632,HOME_TEAM_SHOTS_OUTSIDEBOX_season_average
0.004704627314052652,HOME_TEAM_PASSES_season_average
0.0043713913885944835,HOME_TEAM_SUCCESSFUL_PASSES_season_average
0.004598609075534483,HOME_TEAM_SUCCESSFUL_PASSES_PERCENTAGE_season_average
0.003612011958623053,HOME_TEAM_SAVES_season_average
0.0048754991149500635,HOME_TEAM_CORNERS_season_average
0.006417532342674915,HOME_TEAM_BALL_POSSESSION_season_average
0.0032468975031467212,HOME_TEAM_FOULS_season_average
0.0029767427424191024,HOME_TEAM_YELLOWCARDS_season_average
0.0027401251846836034,HOME_TEAM_REDCARDS_season_average
0.0034059892768994954,HOME_TEAM_OFFSIDES_season_average
0.004204499942294182,HOME_TEAM_ATTACKS_season_average
0.003005587910608946,HOME_TEAM_PENALTIES_season_average
0.0028900155522370596,HOME_TEAM_SUBSTITUTIONS_season_average
0.0032124014116190524,HOME_TEAM_BALL_SAFE_season_average
0.0052957380465601936,HOME_TEAM_DANGEROUS_ATTACKS_season_average
0.0031109645829861155,HOME_TEAM_INJURIES_season_average
0.00514144448493459,HOME_TEAM_GOALS_season_average
0.008134600644661568,HOME_TEAM_GAME_WON_season_average
0.0033845680545324043,HOME_TEAM_GAME_DRAW_season_average
0.007812104807725328,HOME_TEAM_GAME_LOST_season_average
0.0032162047027507828,HOME_TEAM_SHOTS_TOTAL_season_std
0.0036335190600188427,HOME_TEAM_SHOTS_INSIDEBOX_season_std
0.003329405903403778,HOME_TEAM_SHOTS_OFF_TARGET_season_std
0.003157684758255576,HOME_TEAM_SHOTS_ON_TARGET_season_std
0.003078625215883981,HOME_TEAM_SHOTS_OUTSIDEBOX_season_std
0.002818731956895444,HOME_TEAM_PASSES_season_std
0.0030973342981961915,HOME_TEAM_SUCCESSFUL_PASSES_season_std
0.003113779536267192,HOME_TEAM_SUCCESSFUL_PASSES_PERCENTAGE_season_std
0.003010922025047905,HOME_TEAM_SAVES_season_std
0.003642245430294932,HOME_TEAM_CORNERS_season_std
0.003007809289463463,HOME_TEAM_BALL_POSSESSION_season_std
0.003440725040095365,HOME_TEAM_FOULS_season_std
0.0031979353977838825,HOME_TEAM_YELLOWCARDS_season_std
0.0032314104929575616,HOME_TEAM_REDCARDS_season_std
0.0029504296012679235,HOME_TEAM_OFFSIDES_season_std
0.003463944395440821,HOME_TEAM_ATTACKS_season_std
0.0031999225466386484,HOME_TEAM_PENALTIES_season_std
0.0029299129465063536,HOME_TEAM_SUBSTITUTIONS_season_std
0.003196693188120571,HOME_TEAM_BALL_SAFE_season_std
0.0032978971588919987,HOME_TEAM_DANGEROUS_ATTACKS_season_std
0.0028506162116445203,HOME_TEAM_INJURIES_season_std
0.0035658126406370523,HOME_TEAM_GOALS_season_std
0.0038797358360078975,HOME_TEAM_SHOTS_TOTAL_5_last_match_sum
0.0034144511920822305,HOME_TEAM_SHOTS_INSIDEBOX_5_last_match_sum
0.003059679134263965,HOME_TEAM_SHOTS_OFF_TARGET_5_last_match_sum
0.003458700529920488,HOME_TEAM_SHOTS_ON_TARGET_5_last_match_sum
0.002773723280564726,HOME_TEAM_SHOTS_OUTSIDEBOX_5_last_match_sum
0.003018952648417729,HOME_TEAM_PASSES_5_last_match_sum
0.0037239538770910143,HOME_TEAM_SUCCESSFUL_PASSES_5_last_match_sum
0.003077920197604122,HOME_TEAM_SAVES_5_last_match_sum
0.003779579732743115,HOME_TEAM_CORNERS_5_last_match_sum
0.0026785707641540407,HOME_TEAM_FOULS_5_last_match_sum
0.0028894919048183627,HOME_TEAM_YELLOWCARDS_5_last_match_sum
0.0015249673395232135,HOME_TEAM_REDCARDS_5_last_match_sum
0.003236937483335663,HOME_TEAM_OFFSIDES_5_last_match_sum
0.003220741453882024,HOME_TEAM_ATTACKS_5_last_match_sum
0.001973498999906226,HOME_TEAM_PENALTIES_5_last_match_sum
0.0022934247180726505,HOME_TEAM_SUBSTITUTIONS_5_last_match_sum
0.003126464504577199,HOME_TEAM_BALL_SAFE_5_last_match_sum
0.003876900548356111,HOME_TEAM_DANGEROUS_ATTACKS_5_last_match_sum
0.002937618012258881,HOME_TEAM_INJURIES_5_last_match_sum
0.0034863675748629586,HOME_TEAM_GOALS_5_last_match_sum
0.0037608700315876166,HOME_TEAM_GAME_WON_5_last_match_sum
0.002282606950353089,HOME_TEAM_GAME_DRAW_5_last_match_sum
0.003235371211673127,HOME_TEAM_GAME_LOST_5_last_match_sum
0.003126536165940005,HOME_TEAM_SHOTS_TOTAL_5_last_match_average
0.0036030009485423188,HOME_TEAM_SHOTS_INSIDEBOX_5_last_match_average
0.00320567629287033,HOME_TEAM_SHOTS_OFF_TARGET_5_last_match_average
0.0039058571353347915,HOME_TEAM_SHOTS_ON_TARGET_5_last_match_average
0.0028446216010829745,HOME_TEAM_SHOTS_OUTSIDEBOX_5_last_match_average
0.0035023189390933096,HOME_TEAM_PASSES_5_last_match_average
0.004121929871694501,HOME_TEAM_SUCCESSFUL_PASSES_5_last_match_average
0.0036986210708242428,HOME_TEAM_SUCCESSFUL_PASSES_PERCENTAGE_5_last_match_average
0.003484383624553137,HOME_TEAM_SAVES_5_last_match_average
0.003945841693730075,HOME_TEAM_CORNERS_5_last_match_average
0.0037918606542545774,HOME_TEAM_BALL_POSSESSION_5_last_match_average
0.0027739526778184985,HOME_TEAM_FOULS_5_last_match_average
0.0029666044864412725,HOME_TEAM_YELLOWCARDS_5_last_match_average
0.0014061768401095278,HOME_TEAM_REDCARDS_5_last_match_average
0.003290507608871064,HOME_TEAM_OFFSIDES_5_last_match_average
0.002889071657865583,HOME_TEAM_ATTACKS_5_last_match_average
0.00181488706411114,HOME_TEAM_PENALTIES_5_last_match_average
0.002656486596908047,HOME_TEAM_SUBSTITUTIONS_5_last_match_average
0.0030034954215211623,HOME_TEAM_BALL_SAFE_5_last_match_average
0.0037361136994873536,HOME_TEAM_DANGEROUS_ATTACKS_5_last_match_average
0.002706639389281166,HOME_TEAM_INJURIES_5_last_match_average
0.0032342358666498905,HOME_TEAM_GOALS_5_last_match_average
0.003858871250135834,HOME_TEAM_GAME_WON_5_last_match_average
0.0024043248894306656,HOME_TEAM_GAME_DRAW_5_last_match_average
0.0033240986346887006,HOME_TEAM_GAME_LOST_5_last_match_average
0.0030420984277702073,HOME_TEAM_SHOTS_TOTAL_5_last_match_std
0.0032543746939639,HOME_TEAM_SHOTS_INSIDEBOX_5_last_match_std
0.0031313208041436925,HOME_TEAM_SHOTS_OFF_TARGET_5_last_match_std
0.0031314287913369815,HOME_TEAM_SHOTS_ON_TARGET_5_last_match_std
0.0029320714574196244,HOME_TEAM_SHOTS_OUTSIDEBOX_5_last_match_std
0.0030258367723440256,HOME_TEAM_PASSES_5_last_match_std
0.0028913532884569625,HOME_TEAM_SUCCESSFUL_PASSES_5_last_match_std
0.0030190898038838943,HOME_TEAM_SUCCESSFUL_PASSES_PERCENTAGE_5_last_match_std
0.0030865449925550886,HOME_TEAM_SAVES_5_last_match_std
0.0035337339410360037,HOME_TEAM_CORNERS_5_last_match_std
0.003326263232010098,HOME_TEAM_BALL_POSSESSION_5_last_match_std
0.0030700917494034118,HOME_TEAM_FOULS_5_last_match_std
0.0034036688712305685,HOME_TEAM_YELLOWCARDS_5_last_match_std
0.001570806396641512,HOME_TEAM_REDCARDS_5_last_match_std
0.0034379203427722157,HOME_TEAM_OFFSIDES_5_last_match_std
0.003297797987211372,HOME_TEAM_ATTACKS_5_last_match_std
0.002287558162674865,HOME_TEAM_PENALTIES_5_last_match_std
0.0025085090963833127,HOME_TEAM_SUBSTITUTIONS_5_last_match_std
0.0030003969490540166,HOME_TEAM_BALL_SAFE_5_last_match_std
0.0034377908588645685,HOME_TEAM_DANGEROUS_ATTACKS_5_last_match_std
0.0025236324528362768,HOME_TEAM_INJURIES_5_last_match_std
0.003402107947123586,HOME_TEAM_GOALS_5_last_match_std
0.0045382511862687444,AWAY_TEAM_SHOTS_TOTAL_season_sum
0.00678044774834097,AWAY_TEAM_SHOTS_INSIDEBOX_season_sum
0.0032259421869371553,AWAY_TEAM_SHOTS_OFF_TARGET_season_sum
0.0050134222733415335,AWAY_TEAM_SHOTS_ON_TARGET_season_sum
0.0027955972503172417,AWAY_TEAM_SHOTS_OUTSIDEBOX_season_sum
0.004224607806821023,AWAY_TEAM_PASSES_season_sum
0.004123528346274517,AWAY_TEAM_SUCCESSFUL_PASSES_season_sum
0.0041204369562161435,AWAY_TEAM_SAVES_season_sum
0.005017392572812263,AWAY_TEAM_CORNERS_season_sum
0.0031462933631840433,AWAY_TEAM_FOULS_season_sum
0.00292585442064226,AWAY_TEAM_YELLOWCARDS_season_sum
0.0025886163621054725,AWAY_TEAM_REDCARDS_season_sum
0.0026476581363547337,AWAY_TEAM_OFFSIDES_season_sum
0.0043275324611292965,AWAY_TEAM_ATTACKS_season_sum
0.0030687904702250395,AWAY_TEAM_PENALTIES_season_sum
0.0028767982899477827,AWAY_TEAM_SUBSTITUTIONS_season_sum
0.003745831137743799,AWAY_TEAM_BALL_SAFE_season_sum
0.00401528667204834,AWAY_TEAM_DANGEROUS_ATTACKS_season_sum
0.0028246120766527417,AWAY_TEAM_INJURIES_season_sum
0.005599204394213404,AWAY_TEAM_GOALS_season_sum
0.006223104269318568,AWAY_TEAM_GAME_WON_season_sum
0.003360027299102558,AWAY_TEAM_GAME_DRAW_season_sum
0.007716725736339906,AWAY_TEAM_GAME_LOST_season_sum
0.00544093424126937,AWAY_TEAM_SHOTS_TOTAL_season_average
0.006546562318047603,AWAY_TEAM_SHOTS_INSIDEBOX_season_average
0.0034468393124406876,AWAY_TEAM_SHOTS_OFF_TARGET_season_average
0.006664456368059536,AWAY_TEAM_SHOTS_ON_TARGET_season_average
0.002955558823723333,AWAY_TEAM_SHOTS_OUTSIDEBOX_season_average
0.0057618985766530505,AWAY_TEAM_PASSES_season_average
0.006300185186449809,AWAY_TEAM_SUCCESSFUL_PASSES_season_average
0.0045262086420421845,AWAY_TEAM_SUCCESSFUL_PASSES_PERCENTAGE_season_average
0.003951441784897704,AWAY_TEAM_SAVES_season_average
0.004480355073930544,AWAY_TEAM_CORNERS_season_average
0.008718888080780862,AWAY_TEAM_BALL_POSSESSION_season_average
0.0030417350355683033,AWAY_TEAM_FOULS_season_average
0.0030629791897054987,AWAY_TEAM_YELLOWCARDS_season_average
0.0031304615298302025,AWAY_TEAM_REDCARDS_season_average
0.0031218620511687606,AWAY_TEAM_OFFSIDES_season_average
0.0043728838365066375,AWAY_TEAM_ATTACKS_season_average
0.003224711253473042,AWAY_TEAM_PENALTIES_season_average
0.002653426238610181,AWAY_TEAM_SUBSTITUTIONS_season_average
0.0031772495156105,AWAY_TEAM_BALL_SAFE_season_average
0.0042397402750822275,AWAY_TEAM_DANGEROUS_ATTACKS_season_average
0.00322631376005337,AWAY_TEAM_INJURIES_season_average
0.0059015076963445925,AWAY_TEAM_GOALS_season_average
0.006279970323226375,AWAY_TEAM_GAME_WON_season_average
0.0030471377109994803,AWAY_TEAM_GAME_DRAW_season_average
0.007075200289292863,AWAY_TEAM_GAME_LOST_season_average
0.0031925351835542987,AWAY_TEAM_SHOTS_TOTAL_season_std
0.0027911895961499397,AWAY_TEAM_SHOTS_INSIDEBOX_season_std
0.0032241779763093376,AWAY_TEAM_SHOTS_OFF_TARGET_season_std
0.0033432594244730916,AWAY_TEAM_SHOTS_ON_TARGET_season_std
0.003011606916570765,AWAY_TEAM_SHOTS_OUTSIDEBOX_season_std
0.003148510648771153,AWAY_TEAM_PASSES_season_std
0.0034795546192664816,AWAY_TEAM_SUCCESSFUL_PASSES_season_std
0.003132777594364444,AWAY_TEAM_SUCCESSFUL_PASSES_PERCENTAGE_season_std
0.003111901192232714,AWAY_TEAM_SAVES_season_std
0.0033647282105736553,AWAY_TEAM_CORNERS_season_std
0.002890070454776558,AWAY_TEAM_BALL_POSSESSION_season_std
0.002896296825036341,AWAY_TEAM_FOULS_season_std
0.0032490848077483024,AWAY_TEAM_YELLOWCARDS_season_std
0.002595093005608737,AWAY_TEAM_REDCARDS_season_std
0.003094830380783664,AWAY_TEAM_OFFSIDES_season_std
0.0033958144339765444,AWAY_TEAM_ATTACKS_season_std
0.003283100814813942,AWAY_TEAM_PENALTIES_season_std
0.002779017887626901,AWAY_TEAM_SUBSTITUTIONS_season_std
0.0034360247461936726,AWAY_TEAM_BALL_SAFE_season_std
0.003137533708886711,AWAY_TEAM_DANGEROUS_ATTACKS_season_std
0.0033900210873506298,AWAY_TEAM_INJURIES_season_std
0.0033665377919352337,AWAY_TEAM_GOALS_season_std
0.0035361121067856095,AWAY_TEAM_SHOTS_TOTAL_5_last_match_sum
0.004511800619296089,AWAY_TEAM_SHOTS_INSIDEBOX_5_last_match_sum
0.003501090794622104,AWAY_TEAM_SHOTS_OFF_TARGET_5_last_match_sum
0.003876648842928051,AWAY_TEAM_SHOTS_ON_TARGET_5_last_match_sum
0.002662544243879413,AWAY_TEAM_SHOTS_OUTSIDEBOX_5_last_match_sum
0.004141144052424637,AWAY_TEAM_PASSES_5_last_match_sum
0.0034886048749594744,AWAY_TEAM_SUCCESSFUL_PASSES_5_last_match_sum
0.0031961165017981,AWAY_TEAM_SAVES_5_last_match_sum
0.003101098477080907,AWAY_TEAM_CORNERS_5_last_match_sum
0.0034124109910109546,AWAY_TEAM_FOULS_5_last_match_sum
0.002961876785533545,AWAY_TEAM_YELLOWCARDS_5_last_match_sum
0.0013991153492657576,AWAY_TEAM_REDCARDS_5_last_match_sum
0.0031164879962587867,AWAY_TEAM_OFFSIDES_5_last_match_sum
0.00277534911849727,AWAY_TEAM_ATTACKS_5_last_match_sum
0.00185202525211898,AWAY_TEAM_PENALTIES_5_last_match_sum
0.002143702933078973,AWAY_TEAM_SUBSTITUTIONS_5_last_match_sum
0.00326307484576294,AWAY_TEAM_BALL_SAFE_5_last_match_sum
0.0032783744267516645,AWAY_TEAM_DANGEROUS_ATTACKS_5_last_match_sum
0.002503826162634117,AWAY_TEAM_INJURIES_5_last_match_sum
0.0033587659677036226,AWAY_TEAM_GOALS_5_last_match_sum
0.0035942021753639863,AWAY_TEAM_GAME_WON_5_last_match_sum
0.002040090602494336,AWAY_TEAM_GAME_DRAW_5_last_match_sum
0.003089841961033624,AWAY_TEAM_GAME_LOST_5_last_match_sum
0.0038084262466400883,AWAY_TEAM_SHOTS_TOTAL_5_last_match_average
0.005580702093403402,AWAY_TEAM_SHOTS_INSIDEBOX_5_last_match_average
0.0030255977489312964,AWAY_TEAM_SHOTS_OFF_TARGET_5_last_match_average
0.0033734677560403508,AWAY_TEAM_SHOTS_ON_TARGET_5_last_match_average
0.0025551498345646835,AWAY_TEAM_SHOTS_OUTSIDEBOX_5_last_match_average
0.003345115176699767,AWAY_TEAM_PASSES_5_last_match_average
0.0035515760811547564,AWAY_TEAM_SUCCESSFUL_PASSES_5_last_match_average
0.0032999854339171054,AWAY_TEAM_SUCCESSFUL_PASSES_PERCENTAGE_5_last_match_average
0.003565431422485328,AWAY_TEAM_SAVES_5_last_match_average
0.0034663138379127105,AWAY_TEAM_CORNERS_5_last_match_average
0.004789483922087407,AWAY_TEAM_BALL_POSSESSION_5_last_match_average
0.003127055930840343,AWAY_TEAM_FOULS_5_last_match_average
0.0028777297799827766,AWAY_TEAM_YELLOWCARDS_5_last_match_average
0.00127153264696256,AWAY_TEAM_REDCARDS_5_last_match_average
0.0030998701810595066,AWAY_TEAM_OFFSIDES_5_last_match_average
0.0030754792653794136,AWAY_TEAM_ATTACKS_5_last_match_average
0.002191111714394193,AWAY_TEAM_PENALTIES_5_last_match_average
0.00253958607950268,AWAY_TEAM_SUBSTITUTIONS_5_last_match_average
0.003382855666846174,AWAY_TEAM_BALL_SAFE_5_last_match_average
0.003580999560565381,AWAY_TEAM_DANGEROUS_ATTACKS_5_last_match_average
0.0027569957366207144,AWAY_TEAM_INJURIES_5_last_match_average
0.0031054240823808806,AWAY_TEAM_GOALS_5_last_match_average
0.0036022913696393878,AWAY_TEAM_GAME_WON_5_last_match_average
0.0023077791996327633,AWAY_TEAM_GAME_DRAW_5_last_match_average
0.003370295370275105,AWAY_TEAM_GAME_LOST_5_last_match_average
0.003125157996722746,AWAY_TEAM_SHOTS_TOTAL_5_last_match_std
0.0031385141589621722,AWAY_TEAM_SHOTS_INSIDEBOX_5_last_match_std
0.0031250001669679522,AWAY_TEAM_SHOTS_OFF_TARGET_5_last_match_std
0.0030730269811643294,AWAY_TEAM_SHOTS_ON_TARGET_5_last_match_std
0.003117357433403895,AWAY_TEAM_SHOTS_OUTSIDEBOX_5_last_match_std
0.0031537019425262715,AWAY_TEAM_PASSES_5_last_match_std
0.0029433963072069726,AWAY_TEAM_SUCCESSFUL_PASSES_5_last_match_std
0.0028707288943042044,AWAY_TEAM_SUCCESSFUL_PASSES_PERCENTAGE_5_last_match_std
0.003332165740796697,AWAY_TEAM_SAVES_5_last_match_std
0.003527358917669849,AWAY_TEAM_CORNERS_5_last_match_std
0.003470822643614609,AWAY_TEAM_BALL_POSSESSION_5_last_match_std
0.00312761973858129,AWAY_TEAM_FOULS_5_last_match_std
0.003552203304093058,AWAY_TEAM_YELLOWCARDS_5_last_match_std
0.0015953814043035506,AWAY_TEAM_REDCARDS_5_last_match_std
0.0027048757447252847,AWAY_TEAM_OFFSIDES_5_last_match_std
0.003447544130216443,AWAY_TEAM_ATTACKS_5_last_match_std
0.0018506261785671064,AWAY_TEAM_PENALTIES_5_last_match_std
0.002706969373695037,AWAY_TEAM_SUBSTITUTIONS_5_last_match_std
0.0032672208379260696,AWAY_TEAM_BALL_SAFE_5_last_match_std
0.0034279387493790945,AWAY_TEAM_DANGEROUS_ATTACKS_5_last_match_std
0.0026465916151224562,AWAY_TEAM_INJURIES_5_last_match_std
0.0031819011948274667,AWAY_TEAM_GOALS_5_last_match_std
